<?xml version="1.0" encoding="UTF-8" standalone="yes"?>
<informationSet xmlns="ec/tss.core">
    <item name="sa1">
        <subset>
            <item name="name">
                <string>FATEXP_19</string>
            </item>
            <item name="ts">
                <ts name="FATEXP_19">
                    <freq>12</freq>
                    <firstYear>2005</firstYear>
                    <firstPeriod>1</firstPeriod>
                    <data>14.3 11.4 13.8 12.2 16.4 13.7 15.9 15.7 15.3 17.6 15.0 16.3 13.5 14.2 16.8 15.7 11.7 15.9 18.7 19.5 17.6 16.7 16.0 17.3 19.3 16.9 19.7 19.0 20.2 17.7 18.9 19.4 17.3 15.5 15.3 19.3 20.4 18.9 17.9 17.0 19.1 18.2 18.8 21.7 18.6 16.8 14.3 11.2 13.5 13.2 14.5 13.6 13.5 15.2 15.5 16.8 17.0 14.5 16.0 15.7 18.6 19.1 20.2 17.6 19.6 21.6 19.3 18.9 19.6 16.4 20.3 23.1 19.2 18.5 22.0 17.3 21.6 20.1 20.5 22.5 17.7 20.3 19.2 20.7 26.0 23.7 25.9 20.0 22.1 22.6 21.2 24.0 20.4 20.4 22.2 24.6 19.6 22.1 21.8 20.2 21.2 23.4 22.7 20.5 23.6 21.2 23.0 23.2 21.9 21.1 21.1 19.7 22.0 22.9 20.1 23.7 20.6 22.2 21.7 20.9 18.4 22.5 18.9 21.0 20.8 25.4 20.4 21.0 21.0 20.4 19.8 17.9 16.4 15.7 19.5 19.3 20.0 19.4 18.3 20.3 19.4 20.4 20.0 25.5 23.4 24.3 21.0 23.9 20.8 22.3 20.8 21.9 23.7 24.9 22.9 24.0 23.0 22.9 20.6 23.9 24.1 22.8 23.1 24.5 26.1 24.0 20.6 22.4 20.0 18.2 19.9 16.6 20.8 19.7 23.2 22.2 22.4 19.5 21.5 18.7 18.8 21.0 19.2 23.1 14.0 13.0 12.2 15.4 12.8 12.8 13.0 15.7 24.7 13.1 16.8 14.8 15.8 15.8 11.9 13.7 14.1 14.7 16.2 16.1 21.2 19.0 20.0 22.8 26.1 24.3 25.0 23.8 18.8 23.1 21.0 23.9 20.9 17.7 15.2 21.9 23.7 16.8 15.8 21.1 24.0 23.0 19.4</data>
                </ts>
            </item>
            <item name="domainspec">
                <string>spec1</string>
            </item>
        </subset>
    </item>
    <item name="domainspecs">
        <subset>
            <item name="spec1">
                <subset>
                    <item name="algorithm">
                        <method version="0.1.0.0">
                            <name>tramoseats</name>
                            <family>Seasonal adjustment</family>
                        </method>
                    </item>
                    <item name="tramo">
                        <subset>
                            <item name="algorithm">
<method version="0.1.0.0">
    <name>tramo</name>
    <family>Modelling</family>
</method>
                            </item>
                            <item name="arima">
<subset>
    <item name="theta">
        <params>
            <coef/>
        </params>
    </item>
    <item name="btheta">
        <params>
            <coef/>
        </params>
    </item>
</subset>
                            </item>
                            <item name="automdl">
<subset>
    <item name="enabled">
        <boolean>false</boolean>
    </item>
</subset>
                            </item>
                            <item name="regression">
<subset>
    <item name="outliers">
        <strings>
            <items>AO.2006-05-01 TC.2008-12-01 TC.2012-01-01 AO.2020-05-01 AO.2020-06-01 AO.2020-07-01 AO.2021-01-01</items>
        </strings>
    </item>
</subset>
                            </item>
                        </subset>
                    </item>
                    <item name="benchmarking">
                        <subset/>
                    </item>
                </subset>
            </item>
        </subset>
    </item>
</informationSet>
