<?xml version="1.0" encoding="UTF-8" standalone="yes"?>
<ns2:demetraGenericWorkspace xmlns="ec/tss.core" xmlns:ns2="ec/tss.demetra" name="WS-FAT">
    <ns2:items>
        <ns2:item readOnly="false">
            <ns2:family>Seasonal adjustment@multi-documents</ns2:family>
            <ns2:name>SAProcessing-1</ns2:name>
            <ns2:file>SAProcessing-1</ns2:file>
        </ns2:item>
        <ns2:item readOnly="false">
            <ns2:family>Utilities@Variables</ns2:family>
            <ns2:name>_ts_external_1</ns2:name>
            <ns2:file>Vars-1</ns2:file>
        </ns2:item>
        <ns2:item readOnly="false">
            <ns2:family>Utilities@Variables</ns2:family>
            <ns2:name>_ts_external_2</ns2:name>
            <ns2:file>Vars-2</ns2:file>
        </ns2:item>
        <ns2:item readOnly="false">
            <ns2:family>Utilities@Variables</ns2:family>
            <ns2:name>_ts_external_3</ns2:name>
            <ns2:file>Vars-3</ns2:file>
        </ns2:item>
        <ns2:item readOnly="false">
            <ns2:family>Utilities@Variables</ns2:family>
            <ns2:name>_ts_external_4</ns2:name>
            <ns2:file>Vars-4</ns2:file>
        </ns2:item>
    </ns2:items>
</ns2:demetraGenericWorkspace>
