<?xml version="1.0" encoding="UTF-8" standalone="yes"?>
<informationSet xmlns="ec/tss.core">
    <item name="sa1">
        <subset>
            <item name="name">
                <string>FATEXP_20</string>
            </item>
            <item name="ts">
                <ts name="FATEXP_20">
                    <freq>12</freq>
                    <firstYear>2005</firstYear>
                    <firstPeriod>1</firstPeriod>
                    <data>32.9 31.4 32.3 31.7 30.6 31.9 33.8 39.4 32.4 33.5 32.5 34.5 32.6 31.9 33.4 32.8 31.8 34.7 32.5 38.6 33.0 33.1 36.3 36.4 36.4 35.7 35.5 37.5 35.6 36.4 37.4 41.5 34.9 36.0 37.3 38.7 35.2 34.7 34.1 35.5 33.5 35.5 34.2 40.8 34.7 33.8 32.5 35.0 31.4 30.9 28.5 31.5 31.9 30.4 33.1 37.8 32.5 33.8 34.6 36.0 39.3 38.8 36.9 37.9 38.2 39.5 38.7 45.1 37.8 39.0 40.8 44.3 43.0 41.6 40.7 39.8 41.1 40.7 41.1 46.5 40.5 41.5 41.4 39.3 42.8 42.5 41.7 41.5 42.5 42.7 43.2 46.0 42.2 43.4 42.3 42.9 45.2 44.7 44.5 45.0 42.7 42.7 44.9 48.2 42.6 44.3 44.9 44.8 47.4 46.6 44.9 46.4 44.4 44.0 46.1 50.0 45.6 47.1 46.9 47.3 48.9 47.0 47.3 48.2 48.1 47.9 48.3 53.8 46.5 48.6 48.3 48.2 49.7 47.7 48.3 47.7 47.3 47.6 48.3 53.5 49.4 49.7 50.5 51.5 51.0 49.4 48.6 51.0 49.5 48.9 48.8 55.1 49.1 49.9 51.8 51.7 51.7 50.4 49.0 50.9 49.8 49.7 51.7 56.6 49.9 51.6 52.4 51.3 51.6 50.1 49.2 50.2 49.6 48.1 49.7 54.7 50.3 50.5 52.3 51.8 51.2 49.2 51.1 53.2 46.4 45.6 47.4 51.2 47.6 48.3 49.5 51.0 50.0 49.3 48.2 49.4 48.5 49.3 49.4 53.6 48.5 48.0 47.9 49.8 48.9 48.7 47.2 47.8 48.8 48.5 49.0 51.6 47.3 50.0 48.7 49.3 48.7 49.5 47.4 48.6 48.0 47.1 48.5 52.2 47.3 48.4 47.8</data>
                </ts>
            </item>
            <item name="domainspec">
                <string>spec1</string>
            </item>
        </subset>
    </item>
    <item name="domainspecs">
        <subset>
            <item name="spec1">
                <subset>
                    <item name="algorithm">
                        <method version="0.1.0.0">
                            <name>tramoseats</name>
                            <family>Seasonal adjustment</family>
                        </method>
                    </item>
                    <item name="tramo">
                        <subset>
                            <item name="algorithm">
<method version="0.1.0.0">
    <name>tramo</name>
    <family>Modelling</family>
</method>
                            </item>
                            <item name="arima">
<subset>
    <item name="theta">
        <params>
            <coef/>
        </params>
    </item>
    <item name="btheta">
        <params>
            <coef/>
        </params>
    </item>
</subset>
                            </item>
                            <item name="automdl">
<subset>
    <item name="enabled">
        <boolean>false</boolean>
    </item>
</subset>
                            </item>
                            <item name="regression">
<subset>
    <item name="outliers">
        <strings>
            <items>AO.2011-12-01 LS.2010-01-01 AO.2020-05-01 AO.2020-06-01</items>
        </strings>
    </item>
</subset>
                            </item>
                        </subset>
                    </item>
                    <item name="benchmarking">
                        <subset/>
                    </item>
                </subset>
            </item>
        </subset>
    </item>
</informationSet>
