<?xml version="1.0" encoding="UTF-8" standalone="yes"?>
<informationSet xmlns="ec/tss.core">
    <item name="sa1">
        <subset>
            <item name="name">
                <string>DIVID20</string>
            </item>
            <item name="ts">
                <ts name="DIVID20">
                    <freq>12</freq>
                    <firstYear>2005</firstYear>
                    <firstPeriod>1</firstPeriod>
                    <data>97.7 106.8 117.9 115.6 119.1 114.7 116.4 79.6 127.5 122.8 115.7 98.4 110.0 115.8 129.0 115.3 130.9 123.9 128.1 86.2 125.4 130.3 115.5 98.7 114.5 114.4 130.6 119.6 131.7 126.7 128.9 87.3 121.8 129.9 119.3 94.1 122.3 128.9 133.5 129.1 133.7 132.0 139.2 82.8 129.1 121.0 100.3 73.4 84.4 93.1 107.3 96.1 100.3 107.5 108.3 66.9 110.8 100.9 101.5 81.7 93.8 103.7 124.3 116.7 120.8 120.5 119.7 74.2 123.2 114.6 111.9 97.4 105.1 117.3 132.2 124.4 128.9 124.7 122.8 79.9 124.9 115.1 110.2 95.1 102.7 111.1 128.3 110.6 120.6 117.3 119.5 80.1 115.2 116.2 110.9 90.8 102.4 103.5 114.0 107.3 118.8 113.1 118.0 72.2 112.6 111.6 100.7 91.9 100.2 101.6 114.9 105.9 109.8 110.9 111.7 66.9 111.9 105.7 94.9 83.4 91.4 98.9 112.2 106.2 106.5 109.3 114.3 65.1 110.7 103.5 97.4 84.4 87.7 100.9 106.7 104.1 108.0 104.8 101.6 66.5 104.6 100.0 100.6 87.0 97.2 107.1 124.5 99.8 116.3 112.4 112.1 72.0 107.9 107.3 103.9 87.6 104.7 105.3 118.9 107.1 119.0 114.4 112.0 72.7 109.4 113.7 102.1 84.2 102.2 103.3 114.9 104.5 113.2 109.8 116.0 68.7 107.7 110.9 96.0 81.8 99.9 103.4 104.1 75.5 87.7 97.1 107.2 68.5 108.4 109.5 104.0 88.7 102.1 113.5 133.2 128.5 131.6 128.0 132.3 89.3 138.3 141.7 147.8 126.6 143.8 153.3 182.4 162.5 176.3 168.7 163.8 116.4 167.5 151.9 148.1 118.0 136.4 142.8 163.4 124.9 141.4 136.6 131.4 91.2 136.1 134.5 129.9</data>
                </ts>
            </item>
            <item name="domainspec">
                <string>spec1</string>
            </item>
        </subset>
    </item>
    <item name="domainspecs">
        <subset>
            <item name="spec1">
                <subset>
                    <item name="algorithm">
                        <method version="0.1.0.0">
                            <name>tramoseats</name>
                            <family>Seasonal adjustment</family>
                        </method>
                    </item>
                    <item name="tramo">
                        <subset>
                            <item name="algorithm">
<method version="0.1.0.0">
    <name>tramo</name>
    <family>Modelling</family>
</method>
                            </item>
                            <item name="transform">
<subset>
    <item name="function">
        <string>Log</string>
    </item>
</subset>
                            </item>
                            <item name="arima">
<subset>
    <item name="theta">
        <params>
            <coef/>
        </params>
    </item>
    <item name="btheta">
        <params>
            <coef/>
        </params>
    </item>
</subset>
                            </item>
                            <item name="automdl">
<subset>
    <item name="enabled">
        <boolean>false</boolean>
    </item>
</subset>
                            </item>
                            <item name="regression">
<subset>
    <item name="calendar">
        <subset>
            <item name="td">
                <subset>
                    <item name="user">
                        <strings>
                            <items>r._ts_external_1@TDMNW05_0</items>
                        </strings>
                    </item>
                </subset>
            </item>
            <item name="easter">
                <subset>
                    <item name="type">
                        <string>IncludeEasterMonday</string>
                    </item>
                </subset>
            </item>
        </subset>
    </item>
    <item name="outliers">
        <strings>
            <items>LS.2008-12-01 TC.2008-11-01 TC.2020-04-01 TC.2020-03-01</items>
        </strings>
    </item>
</subset>
                            </item>
                        </subset>
                    </item>
                    <item name="benchmarking">
                        <subset/>
                    </item>
                </subset>
            </item>
        </subset>
    </item>
</informationSet>
