<?xml version="1.0" encoding="UTF-8" standalone="yes"?>
<informationSet xmlns="ec/tss.core">
    <item name="sa1">
        <subset>
            <item name="name">
                <string>INTERNAZ</string>
            </item>
            <item name="ts">
                <ts name="INTERNAZ">
                    <freq>12</freq>
                    <firstYear>2000</firstYear>
                    <firstPeriod>1</firstPeriod>
                    <data>94.4 113.0 127.0 104.1 127.7 126.3 123.9 57.9 124.0 126.2 121.9 100.5 109.3 114.6 127.7 109.8 128.9 126.0 124.3 53.8 116.1 125.4 114.4 90.3 104.0 109.8 119.4 109.3 124.0 116.9 126.9 50.8 121.1 126.2 115.8 99.3 104.5 111.3 121.9 110.5 117.7 115.5 125.5 48.1 121.2 123.8 111.5 98.3 97.1 111.6 128.7 119.9 121.8 125.5 127.4 56.5 133.7 127.1 123.9 106.9 102.9 115.2 126.0 119.9 127.5 124.0 127.4 62.1 132.8 126.1 127.9 105.1 110.2 122.5 141.4 117.3 145.4 140.6 141.4 70.5 140.9 148.6 141.1 113.3 131.4 135.3 151.6 131.2 154.2 148.3 155.4 74.6 143.0 157.3 144.2 109.9 137.6 146.6 143.0 148.8 151.4 149.7 163.8 65.3 151.8 144.8 118.7 92.4 90.7 97.6 106.5 99.2 102.0 108.5 119.6 50.9 113.8 112.3 108.0 91.8 90.6 103.5 122.2 115.2 121.0 123.1 130.0 62.3 131.5 124.6 124.4 106.0 106.8 122.1 135.9 123.9 134.4 130.5 133.4 69.3 131.4 120.8 120.7 98.6 99.3 108.4 122.1 105.2 123.5 116.5 122.8 64.2 111.6 118.6 108.8 86.8 97.9 98.6 104.9 102.1 115.0 107.9 122.7 58.5 111.7 114.8 103.8 88.7 95.5 98.0 107.2 100.9 107.3 106.1 117.9 53.3 112.3 110.8 98.4 86.2 90.1 97.8 110.0 105.4 105.3 108.2 117.3 54.0 111.4 108.5 104.2 87.7 86.6 101.4 106.9 101.3 108.9 104.8 108.5 59.9 109.1 104.3 107.7 92.2 95.9 104.8 122.0 97.8 119.9 115.1 117.6 67.1 116.3 118.6 116.4 94.4 107.7 108.9 120.3 106.9 125.5 121.2 125.2 67.7 114.3 123.3 114.5 91.7 106.9 108.6 117.6 107.1 122.8 112.7 126.3 61.7 114.7 119.9 107.2 89.4 101.9 106.5 90.9 56.9 90.6 102.8 117.6 65.1 114.1 117.3 116.8 95.7 101.8 114.8 138.9 129.8 134.3 139.1 144.7 81.6 148.8 147.7 153.8 128.4 135.0 152.3 185.6 159.3 183.9 171.7 163.1 96.6 169.7 158.3 159.6 125.1 140.0 151.0 172.3 135.6 160.4 153.3 147.5 85.2 145.5 148.3 144.0</data>
                </ts>
            </item>
            <item name="domainspec">
                <string>spec1</string>
            </item>
        </subset>
    </item>
    <item name="domainspecs">
        <subset>
            <item name="spec1">
                <subset>
                    <item name="algorithm">
                        <method version="0.1.0.0">
                            <name>tramoseats</name>
                            <family>Seasonal adjustment</family>
                        </method>
                    </item>
                    <item name="tramo">
                        <subset>
                            <item name="algorithm">
<method version="0.1.0.0">
    <name>tramo</name>
    <family>Modelling</family>
</method>
                            </item>
                            <item name="transform">
<subset>
    <item name="function">
        <string>Log</string>
    </item>
</subset>
                            </item>
                            <item name="arima">
<subset>
    <item name="phi">
        <params>
            <coef/>
        </params>
    </item>
    <item name="btheta">
        <params>
            <coef/>
        </params>
    </item>
</subset>
                            </item>
                            <item name="automdl">
<subset>
    <item name="enabled">
        <boolean>false</boolean>
    </item>
</subset>
                            </item>
                            <item name="regression">
<subset>
    <item name="calendar">
        <subset>
            <item name="td">
                <subset>
                    <item name="user">
                        <strings>
                            <items>r._ts_external_4@TDMNW00_0</items>
                        </strings>
                    </item>
                </subset>
            </item>
        </subset>
    </item>
    <item name="outliers">
        <strings>
            <items>TC.2008-01-01 LS.2008-11-01 AO.2020-03-01 AO.2020-04-01 AO.2020-05-01 AO.2020-08-01</items>
        </strings>
    </item>
</subset>
                            </item>
                        </subset>
                    </item>
                    <item name="benchmarking">
                        <subset/>
                    </item>
                </subset>
            </item>
        </subset>
    </item>
</informationSet>
