<?xml version="1.0" encoding="UTF-8" standalone="yes"?>
<informationSet xmlns="ec/tss.core">
    <item name="sa1">
        <subset>
            <item name="name">
                <string>MIGSZ_2</string>
            </item>
            <item name="ts">
                <ts name="MIGSZ_2">
                    <freq>12</freq>
                    <firstYear>2005</firstYear>
                    <firstPeriod>1</firstPeriod>
                    <data>95.5 113.8 131.8 120.1 125.2 118.3 122.7 64.3 131.6 125.5 128.9 105.2 101.5 114.0 140.9 108.0 130.0 128.4 123.2 70.0 133.6 142.7 140.5 113.7 110.7 115.8 145.5 123.6 135.9 140.5 141.1 75.2 133.6 138.9 135.6 104.7 116.4 134.8 135.7 137.4 130.5 121.8 136.0 61.7 129.4 141.1 119.0 97.5 81.9 100.2 113.0 104.6 102.2 104.8 115.7 48.9 105.2 112.1 103.6 85.9 82.1 98.5 122.0 112.4 110.9 110.1 104.9 65.9 106.8 109.5 109.5 97.0 84.4 107.2 128.2 107.7 124.4 117.6 118.4 62.7 117.3 111.1 116.4 94.5 90.1 109.9 134.4 102.5 115.4 109.6 112.9 63.3 107.6 112.6 104.2 81.4 91.2 100.6 113.3 103.3 109.2 104.5 112.9 59.8 105.4 110.9 101.1 86.3 91.4 101.6 116.2 116.1 114.1 112.2 119.4 63.1 119.2 122.7 112.7 91.8 88.0 100.8 114.2 110.6 105.2 106.6 112.9 55.6 108.4 109.1 106.2 82.2 87.5 108.2 119.2 109.2 111.1 106.8 100.6 58.5 107.0 99.2 107.7 87.8 84.0 98.9 122.7 97.0 113.5 108.7 104.3 61.8 103.8 103.0 111.6 85.4 89.6 101.0 117.5 100.5 111.4 108.7 107.7 62.1 99.2 108.7 106.5 80.9 95.3 105.0 119.2 105.7 120.4 107.8 119.9 59.8 106.1 114.4 108.0 85.0 99.3 107.2 87.9 27.4 90.8 122.4 141.9 73.6 126.8 130.6 123.9 110.2 101.3 124.7 144.8 136.0 135.9 141.4 140.4 72.2 123.4 136.1 137.8 118.8 113.5 142.1 173.4 148.1 158.4 157.0 154.6 87.2 156.5 139.5 139.3 109.3 121.9 144.4 167.0 130.8 153.7 145.0 138.8 79.0 134.5 145.2 136.6</data>
                </ts>
            </item>
            <item name="domainspec">
                <string>spec1</string>
            </item>
        </subset>
    </item>
    <item name="domainspecs">
        <subset>
            <item name="spec1">
                <subset>
                    <item name="algorithm">
                        <method version="0.1.0.0">
                            <name>tramoseats</name>
                            <family>Seasonal adjustment</family>
                        </method>
                    </item>
                    <item name="tramo">
                        <subset>
                            <item name="algorithm">
<method version="0.1.0.0">
    <name>tramo</name>
    <family>Modelling</family>
</method>
                            </item>
                            <item name="transform">
<subset>
    <item name="function">
        <string>Log</string>
    </item>
</subset>
                            </item>
                            <item name="arima">
<subset>
    <item name="theta">
        <params>
            <coef/>
        </params>
    </item>
    <item name="btheta">
        <params>
            <coef/>
        </params>
    </item>
</subset>
                            </item>
                            <item name="automdl">
<subset>
    <item name="enabled">
        <boolean>false</boolean>
    </item>
</subset>
                            </item>
                            <item name="regression">
<subset>
    <item name="calendar">
        <subset>
            <item name="td">
                <subset>
                    <item name="user">
                        <strings>
                            <items>r._ts_external_1@TDMNW05_0</items>
                        </strings>
                    </item>
                </subset>
            </item>
        </subset>
    </item>
    <item name="outliers">
        <strings>
            <items>LS.2009-01-01 AO.2009-08-01 AO.2020-04-01 TC.2020-03-01 LS.2020-06-01</items>
        </strings>
    </item>
</subset>
                            </item>
                        </subset>
                    </item>
                    <item name="benchmarking">
                        <subset/>
                    </item>
                </subset>
            </item>
        </subset>
    </item>
</informationSet>
