<?xml version="1.0" encoding="UTF-8" standalone="yes"?>
<informationSet xmlns="ec/tss.core">
    <item name="sa1">
        <subset>
            <item name="name">
                <string>FATEXP_11</string>
            </item>
            <item name="ts">
                <ts name="FATEXP_11">
                    <freq>12</freq>
                    <firstYear>2005</firstYear>
                    <firstPeriod>1</firstPeriod>
                    <data>16.9 18.5 16.9 16.9 15.9 14.5 17.3 15.2 18.4 19.9 17.9 15.6 18.0 19.5 18.6 20.6 16.5 14.4 16.5 16.7 18.8 21.3 18.4 15.0 19.7 20.2 18.1 17.0 17.5 16.6 19.1 16.7 21.2 23.8 20.7 16.4 21.9 20.2 19.4 21.2 18.1 18.2 19.4 16.8 21.9 25.0 22.4 18.7 19.6 24.8 18.6 18.4 18.4 17.0 19.0 16.1 22.0 24.8 23.9 18.9 22.8 25.8 23.8 22.7 21.8 19.8 21.6 19.4 22.1 29.8 27.1 22.3 22.2 24.1 22.7 19.5 22.3 18.6 20.8 18.9 22.8 28.9 28.0 21.6 22.4 26.8 22.3 21.6 22.3 20.1 21.9 19.2 25.4 30.4 28.2 24.0 27.0 29.5 26.0 26.1 25.4 22.5 25.1 20.3 27.0 28.9 29.3 24.6 26.7 26.2 26.5 23.8 24.9 21.8 26.9 22.5 29.1 32.2 28.7 22.8 29.4 32.5 30.8 28.3 28.7 25.0 25.9 23.1 31.2 34.2 33.0 26.2 31.6 31.8 29.5 27.9 30.0 26.4 25.9 26.6 30.1 35.8 32.8 28.1 31.7 32.1 30.3 28.0 30.3 25.7 28.1 26.1 31.7 36.6 34.5 28.6 33.5 33.6 30.5 29.1 29.5 27.8 30.2 26.8 32.8 38.9 36.1 30.2 33.7 36.9 33.2 30.2 32.6 26.0 29.5 26.6 36.7 38.9 35.1 31.3 33.0 36.3 41.1 41.0 33.9 28.2 29.5 25.8 35.0 42.9 40.6 34.9 33.7 35.9 37.3 36.2 33.5 31.2 30.4 28.9 36.2 39.7 36.4 33.2 36.1 39.3 36.0 32.4 34.9 30.6 29.5 28.5 35.3 37.7 36.4 33.5 33.0 35.4 37.0 32.0 33.3 30.7 30.7 27.9 33.6 40.9 36.6</data>
                </ts>
            </item>
            <item name="domainspec">
                <string>spec1</string>
            </item>
        </subset>
    </item>
    <item name="domainspecs">
        <subset>
            <item name="spec1">
                <subset>
                    <item name="algorithm">
                        <method version="0.1.0.0">
                            <name>tramoseats</name>
                            <family>Seasonal adjustment</family>
                        </method>
                    </item>
                    <item name="tramo">
                        <subset>
                            <item name="algorithm">
<method version="0.1.0.0">
    <name>tramo</name>
    <family>Modelling</family>
</method>
                            </item>
                            <item name="transform">
<subset>
    <item name="function">
        <string>Log</string>
    </item>
</subset>
                            </item>
                            <item name="arima">
<subset>
    <item name="theta">
        <params>
            <coef/>
        </params>
    </item>
    <item name="btheta">
        <params>
            <coef/>
        </params>
    </item>
</subset>
                            </item>
                            <item name="automdl">
<subset>
    <item name="enabled">
        <boolean>false</boolean>
    </item>
</subset>
                            </item>
                            <item name="regression">
<subset>
    <item name="outliers">
        <strings>
            <items>AO.2020-03-01 AO.2020-04-01</items>
        </strings>
    </item>
</subset>
                            </item>
                        </subset>
                    </item>
                    <item name="benchmarking">
                        <subset/>
                    </item>
                </subset>
            </item>
        </subset>
    </item>
</informationSet>
