<?xml version="1.0" encoding="UTF-8" standalone="yes"?>
<informationSet xmlns="ec/tss.core">
    <item name="sa1">
        <subset>
            <item name="name">
                <string>DIVIE24</string>
            </item>
            <item name="ts">
                <ts name="DIVIE24">
                    <freq>12</freq>
                    <firstYear>2005</firstYear>
                    <firstPeriod>1</firstPeriod>
                    <data>73.4 77.9 84.7 76.9 79.2 78.0 77.7 37.3 81.8 83.5 87.3 65.3 82.2 86.7 99.9 84.7 106.2 98.5 104.7 57.2 109.4 119.5 116.4 86.5 115.0 122.0 130.0 113.3 126.9 127.0 129.0 60.6 104.2 114.8 107.5 72.7 113.1 121.1 117.2 137.2 130.3 130.7 148.2 60.6 123.0 117.3 88.9 57.3 63.1 63.7 66.7 61.2 61.6 65.6 74.5 31.8 80.8 82.2 76.1 57.3 77.7 86.2 100.2 99.4 99.2 101.0 105.1 57.5 102.4 105.3 103.3 83.0 103.6 118.0 130.1 118.2 126.7 121.2 130.8 67.3 114.7 112.9 113.1 87.8 108.8 122.1 130.2 116.7 130.6 123.2 124.9 69.3 107.8 121.5 108.6 76.7 101.1 102.1 110.9 107.5 112.8 110.6 118.3 63.7 110.1 118.1 108.7 87.1 109.9 113.5 114.1 109.9 113.7 110.6 119.8 62.5 110.8 118.6 101.8 87.4 99.7 105.6 118.8 110.1 107.2 110.5 116.9 57.7 102.8 103.3 96.1 71.3 86.5 93.8 101.8 100.1 106.5 104.0 106.9 65.2 105.0 100.8 110.0 80.5 101.2 110.1 129.4 102.0 127.7 119.0 119.1 74.1 114.4 125.1 125.1 85.9 119.2 117.7 129.3 118.7 134.7 133.7 137.9 78.4 117.0 135.6 125.7 86.7 121.5 122.1 127.3 120.9 134.3 124.5 136.0 73.6 121.1 122.5 109.9 83.0 122.8 119.9 104.7 76.0 94.0 107.1 117.4 62.3 111.4 120.3 116.6 95.7 110.1 124.0 151.0 146.6 152.8 168.2 168.0 103.1 162.0 169.9 178.2 129.3 163.9 176.2 215.8 191.2 225.6 197.0 181.4 108.0 174.8 171.7 173.4 116.5 155.7 170.7 190.8 144.9 167.6 158.8 151.9 84.1 139.0 150.9 140.1</data>
                </ts>
            </item>
            <item name="domainspec">
                <string>spec1</string>
            </item>
        </subset>
    </item>
    <item name="domainspecs">
        <subset>
            <item name="spec1">
                <subset>
                    <item name="algorithm">
                        <method version="0.1.0.0">
                            <name>tramoseats</name>
                            <family>Seasonal adjustment</family>
                        </method>
                    </item>
                    <item name="tramo">
                        <subset>
                            <item name="algorithm">
<method version="0.1.0.0">
    <name>tramo</name>
    <family>Modelling</family>
</method>
                            </item>
                            <item name="transform">
<subset>
    <item name="function">
        <string>Log</string>
    </item>
</subset>
                            </item>
                            <item name="arima">
<subset>
    <item name="btheta">
        <params>
            <coef/>
        </params>
    </item>
</subset>
                            </item>
                            <item name="automdl">
<subset>
    <item name="enabled">
        <boolean>false</boolean>
    </item>
</subset>
                            </item>
                            <item name="regression">
<subset>
    <item name="calendar">
        <subset>
            <item name="td">
                <subset>
                    <item name="user">
                        <strings>
                            <items>r._ts_external_1@TDMNW05_0</items>
                        </strings>
                    </item>
                </subset>
            </item>
        </subset>
    </item>
    <item name="outliers">
        <strings>
            <items>LS.2009-09-01 AO.2020-04-01</items>
        </strings>
    </item>
</subset>
                            </item>
                        </subset>
                    </item>
                    <item name="benchmarking">
                        <subset/>
                    </item>
                </subset>
            </item>
        </subset>
    </item>
</informationSet>
