<?xml version="1.0" encoding="UTF-8" standalone="yes"?>
<informationSet xmlns="ec/tss.core">
    <item name="sa1">
        <subset>
            <item name="name">
                <string>DIVIE22</string>
            </item>
            <item name="ts">
                <ts name="DIVIE22">
                    <freq>12</freq>
                    <firstYear>2005</firstYear>
                    <firstPeriod>1</firstPeriod>
                    <data>71.1 78.7 85.6 86.3 89.7 87.3 91.8 53.0 89.0 85.2 84.9 77.1 78.3 83.4 98.1 78.4 98.5 94.0 93.1 58.0 91.6 96.5 94.2 70.6 93.5 94.1 104.7 93.1 105.4 105.1 107.6 65.1 93.8 106.2 97.6 70.6 97.5 103.5 98.6 105.1 100.2 102.6 112.8 57.8 101.6 99.1 82.3 59.9 68.2 73.1 77.8 74.3 76.8 80.5 87.3 47.9 84.7 83.4 78.1 60.5 70.0 78.8 88.7 84.1 88.0 92.7 97.4 57.2 92.1 89.8 90.8 71.0 87.1 94.6 105.9 99.2 107.6 102.3 104.2 66.7 100.3 95.9 94.5 77.5 88.4 99.4 107.7 95.7 104.6 102.7 106.8 65.0 91.8 100.6 90.6 67.9 91.1 92.0 96.1 99.6 102.3 97.1 110.3 64.5 96.4 104.2 91.5 73.8 95.7 95.1 103.1 102.7 103.1 98.8 112.9 64.2 102.8 105.0 92.1 76.2 91.5 96.9 107.7 105.4 103.4 109.4 117.7 69.9 106.4 109.0 101.7 81.0 91.7 104.8 111.1 107.6 107.9 108.3 108.2 74.2 109.5 100.0 101.3 83.9 96.5 103.1 122.6 102.5 117.6 115.1 114.1 80.8 109.2 112.2 109.3 85.7 106.5 110.8 121.1 111.0 121.7 119.6 122.9 81.9 110.1 121.4 109.4 83.5 111.2 111.3 119.5 113.2 124.5 112.1 125.7 78.4 113.0 118.7 104.9 83.0 109.5 113.1 110.1 81.5 91.7 101.5 116.9 75.5 109.5 113.1 110.5 89.4 101.1 113.0 128.9 120.6 123.8 127.5 132.7 91.0 129.0 126.3 129.4 108.4 123.8 136.5 160.1 139.2 158.3 150.5 146.4 103.4 146.3 137.5 136.5 104.1 126.2 136.6 157.1 122.4 142.1 136.6 130.4 92.9 129.5 130.1 118.2</data>
                </ts>
            </item>
            <item name="domainspec">
                <string>spec1</string>
            </item>
        </subset>
    </item>
    <item name="domainspecs">
        <subset>
            <item name="spec1">
                <subset>
                    <item name="algorithm">
                        <method version="0.1.0.0">
                            <name>tramoseats</name>
                            <family>Seasonal adjustment</family>
                        </method>
                    </item>
                    <item name="tramo">
                        <subset>
                            <item name="algorithm">
<method version="0.1.0.0">
    <name>tramo</name>
    <family>Modelling</family>
</method>
                            </item>
                            <item name="transform">
<subset>
    <item name="function">
        <string>Log</string>
    </item>
</subset>
                            </item>
                            <item name="arima">
<subset>
    <item name="theta">
        <params>
            <coef/>
        </params>
    </item>
    <item name="btheta">
        <params>
            <coef/>
        </params>
    </item>
</subset>
                            </item>
                            <item name="automdl">
<subset>
    <item name="enabled">
        <boolean>false</boolean>
    </item>
</subset>
                            </item>
                            <item name="regression">
<subset>
    <item name="calendar">
        <subset>
            <item name="td">
                <subset>
                    <item name="user">
                        <strings>
                            <items>r._ts_external_1@TDMNW05_0</items>
                        </strings>
                    </item>
                </subset>
            </item>
            <item name="easter">
                <subset>
                    <item name="type">
                        <string>IncludeEasterMonday</string>
                    </item>
                </subset>
            </item>
        </subset>
    </item>
    <item name="outliers">
        <strings>
            <items>AO.2005-12-01 LS.2008-12-01 TC.2020-04-01 TC.2020-03-01</items>
        </strings>
    </item>
</subset>
                            </item>
                        </subset>
                    </item>
                    <item name="benchmarking">
                        <subset/>
                    </item>
                </subset>
            </item>
        </subset>
    </item>
</informationSet>
