<?xml version="1.0" encoding="UTF-8" standalone="yes"?>
<informationSet xmlns="ec/tss.core">
    <item name="sa1">
        <subset>
            <item name="name">
                <string>DIVID10</string>
            </item>
            <item name="ts">
                <ts name="DIVID10">
                    <freq>12</freq>
                    <firstYear>2005</firstYear>
                    <firstPeriod>1</firstPeriod>
                    <data>71.8 78.3 88.8 78.0 86.3 86.8 82.4 80.3 90.6 88.5 92.9 91.2 75.3 77.8 92.5 79.2 92.3 90.6 84.3 82.3 89.6 93.8 92.7 89.7 80.4 80.0 96.6 83.0 93.4 90.5 92.6 86.5 93.7 107.2 103.0 96.4 94.3 98.9 99.1 99.1 102.6 102.3 101.6 86.2 104.9 109.2 99.7 104.5 86.4 88.2 101.1 94.5 91.7 97.2 97.2 81.2 100.4 100.0 99.7 105.5 81.6 88.9 106.1 91.9 93.4 97.1 94.5 88.6 104.3 102.7 109.0 111.3 88.4 92.8 112.0 104.2 102.0 103.3 98.3 97.3 108.6 109.1 113.9 111.7 90.9 101.1 112.7 95.1 106.3 100.2 100.7 98.7 104.7 115.5 111.6 106.9 98.9 97.2 108.6 96.7 105.5 98.6 103.1 93.6 104.2 113.8 107.5 109.9 94.4 92.0 103.7 103.0 100.0 95.8 101.1 88.3 103.9 108.0 102.3 109.9 91.6 92.8 107.5 97.2 96.1 98.9 99.7 88.2 103.9 106.2 107.4 110.3 85.1 97.5 106.4 92.9 101.6 98.7 95.4 97.9 104.5 107.0 112.2 109.7 91.0 92.4 112.1 94.7 108.2 101.1 99.2 99.4 106.2 111.5 115.1 107.1 97.5 96.1 112.7 94.4 106.4 100.4 100.9 99.0 100.2 115.5 112.7 103.7 99.1 94.4 106.2 104.4 106.2 98.0 106.4 96.8 105.8 118.9 113.3 109.8 102.9 102.6 113.9 99.5 96.7 101.1 104.8 94.4 108.4 114.5 111.5 112.8 96.0 100.0 118.7 103.6 107.1 109.5 108.4 103.7 118.5 123.4 127.8 122.6 104.9 112.0 144.8 121.2 129.7 127.7 125.1 131.8 141.8 139.3 146.5 139.6 127.6 133.2 157.3 122.9 146.0 136.8 130.6 133.2 139.3 145.1 146.8</data>
                </ts>
            </item>
            <item name="domainspec">
                <string>spec1</string>
            </item>
        </subset>
    </item>
    <item name="domainspecs">
        <subset>
            <item name="spec1">
                <subset>
                    <item name="algorithm">
                        <method version="0.1.0.0">
                            <name>tramoseats</name>
                            <family>Seasonal adjustment</family>
                        </method>
                    </item>
                    <item name="tramo">
                        <subset>
                            <item name="algorithm">
<method version="0.1.0.0">
    <name>tramo</name>
    <family>Modelling</family>
</method>
                            </item>
                            <item name="transform">
<subset>
    <item name="function">
        <string>Log</string>
    </item>
</subset>
                            </item>
                            <item name="arima">
<subset>
    <item name="theta">
        <params>
            <coef/>
        </params>
    </item>
    <item name="btheta">
        <params>
            <coef/>
        </params>
    </item>
</subset>
                            </item>
                            <item name="automdl">
<subset>
    <item name="enabled">
        <boolean>false</boolean>
    </item>
</subset>
                            </item>
                            <item name="regression">
<subset>
    <item name="calendar">
        <subset>
            <item name="td">
                <subset>
                    <item name="user">
                        <strings>
                            <items>r._ts_external_1@TDMNW05_0</items>
                        </strings>
                    </item>
                </subset>
            </item>
            <item name="easter">
                <subset>
                    <item name="type">
                        <string>IncludeEasterMonday</string>
                    </item>
                </subset>
            </item>
        </subset>
    </item>
    <item name="outliers">
        <strings>
            <items>LS.2020-04-01</items>
        </strings>
    </item>
</subset>
                            </item>
                        </subset>
                    </item>
                    <item name="benchmarking">
                        <subset/>
                    </item>
                </subset>
            </item>
        </subset>
    </item>
</informationSet>
