<?xml version="1.0" encoding="UTF-8" standalone="yes"?>
<ns2:demetraGenericWorkspace xmlns="ec/tss.core" xmlns:ns2="ec/tss.demetra" name="C:/Users/UTENTE/Desktop/RJDopenCruncher/test/splitted_workspaces/DIVIE22/DIVIE22">
    <ns2:items>
        <ns2:item readOnly="false">
            <ns2:family>Seasonal adjustment@multi-documents</ns2:family>
            <ns2:name>sa1</ns2:name>
            <ns2:file>sa1</ns2:file>
        </ns2:item>
        <ns2:item readOnly="false">
            <ns2:family>Utilities@Variables</ns2:family>
            <ns2:name>r</ns2:name>
            <ns2:file>r</ns2:file>
        </ns2:item>
    </ns2:items>
</ns2:demetraGenericWorkspace>
