<?xml version="1.0" encoding="UTF-8" standalone="yes"?>
<informationSet xmlns="ec/tss.core">
    <item name="sa1">
        <subset>
            <item name="name">
                <string>DIVIE23</string>
            </item>
            <item name="ts">
                <ts name="DIVIE23">
                    <freq>12</freq>
                    <firstYear>2005</firstYear>
                    <firstPeriod>1</firstPeriod>
                    <data>72.7 83.3 92.6 92.8 98.4 100.4 100.6 67.9 97.5 98.8 97.1 83.8 77.8 90.7 109.4 88.4 111.2 110.0 107.8 72.7 102.2 110.4 105.9 85.6 91.8 98.2 112.0 98.5 116.3 110.9 117.6 77.1 101.0 113.8 105.2 75.1 94.8 101.0 96.2 105.8 103.0 104.7 116.2 60.6 101.4 106.1 87.7 68.7 63.4 71.9 77.7 78.5 78.6 82.1 91.9 48.0 80.6 86.7 79.5 64.5 63.6 75.4 89.0 89.0 90.6 96.1 100.1 62.8 92.3 91.0 86.8 71.0 69.5 81.9 96.4 88.5 100.3 95.7 98.7 66.8 94.0 91.0 89.9 79.0 73.5 83.8 99.2 89.0 103.1 102.2 105.2 74.4 90.6 103.6 90.5 70.9 79.5 83.4 98.3 97.3 104.5 98.1 114.9 68.5 94.0 107.5 92.4 75.8 87.0 89.5 97.8 100.4 105.7 101.3 118.5 67.3 99.9 110.4 94.5 81.2 82.8 91.2 106.7 109.5 107.3 113.3 122.4 71.7 103.3 108.8 99.0 84.0 83.3 100.4 108.7 110.2 113.1 113.5 113.4 79.4 105.1 103.3 103.3 87.0 88.7 96.7 117.8 99.3 120.8 114.1 114.9 83.3 104.5 109.8 107.9 84.5 94.0 98.0 112.4 106.1 119.4 114.8 116.9 79.7 98.5 119.7 105.8 81.4 93.4 98.4 107.4 104.5 119.5 102.8 119.2 70.8 96.8 116.0 97.5 81.0 93.9 100.8 99.2 61.9 86.3 102.7 119.0 79.0 104.6 111.9 108.0 87.9 90.6 102.0 123.7 123.4 120.5 130.3 129.8 90.2 121.7 121.1 125.6 109.8 110.6 124.2 155.5 138.9 160.2 149.4 141.5 110.2 143.3 139.7 133.7 114.2 112.4 121.6 150.1 116.5 143.7 140.6 125.8 94.5 122.9 124.7 126.4</data>
                </ts>
            </item>
            <item name="domainspec">
                <string>spec1</string>
            </item>
        </subset>
    </item>
    <item name="domainspecs">
        <subset>
            <item name="spec1">
                <subset>
                    <item name="algorithm">
                        <method version="0.1.0.0">
                            <name>tramoseats</name>
                            <family>Seasonal adjustment</family>
                        </method>
                    </item>
                    <item name="tramo">
                        <subset>
                            <item name="algorithm">
<method version="0.1.0.0">
    <name>tramo</name>
    <family>Modelling</family>
</method>
                            </item>
                            <item name="transform">
<subset>
    <item name="function">
        <string>Log</string>
    </item>
</subset>
                            </item>
                            <item name="arima">
<subset>
    <item name="theta">
        <params>
            <coef/>
        </params>
    </item>
    <item name="btheta">
        <params>
            <coef/>
        </params>
    </item>
</subset>
                            </item>
                            <item name="automdl">
<subset>
    <item name="enabled">
        <boolean>false</boolean>
    </item>
</subset>
                            </item>
                            <item name="regression">
<subset>
    <item name="calendar">
        <subset>
            <item name="td">
                <subset>
                    <item name="user">
                        <strings>
                            <items>r._ts_external_1@TDMNW05_0</items>
                        </strings>
                    </item>
                </subset>
            </item>
            <item name="easter">
                <subset>
                    <item name="type">
                        <string>IncludeEasterMonday</string>
                    </item>
                </subset>
            </item>
        </subset>
    </item>
    <item name="outliers">
        <strings>
            <items>LS.2009-01-01 AO.2011-12-01 AO.2009-08-01 AO.2006-12-01 LS.2008-08-01 AO.2020-03-01 AO.2020-04-01 AO.2020-05-01 AO.2020-06-01</items>
        </strings>
    </item>
</subset>
                            </item>
                        </subset>
                    </item>
                    <item name="benchmarking">
                        <subset/>
                    </item>
                </subset>
            </item>
        </subset>
    </item>
</informationSet>
