<?xml version="1.0" encoding="UTF-8" standalone="yes"?>
<informationSet xmlns="ec/tss.core">
    <item name="sa1">
        <subset>
            <item name="name">
                <string>INTEREST</string>
            </item>
            <item name="ts">
                <ts name="INTEREST">
                    <freq>12</freq>
                    <firstYear>2000</firstYear>
                    <firstPeriod>1</firstPeriod>
                    <data>57.4 68.1 78.9 66.5 80.3 79.6 79.6 48.1 77.3 79.2 79.7 70.1 69.8 71.7 82.8 69.3 78.9 79.8 83.2 45.4 71.0 79.6 70.8 61.6 67.8 69.9 76.7 73.8 78.1 75.7 82.5 43.7 72.9 80.5 71.6 65.7 69.2 71.0 74.6 71.9 72.8 72.7 84.0 41.0 76.0 80.1 71.9 65.8 65.7 71.3 83.4 78.2 79.3 83.6 86.4 48.8 83.3 83.9 81.4 73.9 71.5 77.0 86.0 82.8 84.5 85.2 87.9 52.5 86.7 85.8 87.1 74.4 78.2 83.2 98.0 80.9 98.7 96.2 96.7 61.2 95.8 102.0 99.6 80.2 95.8 97.8 109.8 97.3 109.5 109.5 114.1 67.4 97.2 109.3 102.3 77.6 99.2 105.1 102.4 112.0 106.8 109.5 121.0 60.4 105.3 104.7 84.8 65.1 66.7 69.7 74.3 71.3 72.0 74.5 85.9 45.1 81.2 83.3 79.6 65.9 71.5 80.6 92.6 89.2 92.5 96.8 101.0 59.7 96.1 96.9 95.3 84.0 88.7 98.5 110.5 100.7 109.4 105.7 110.2 68.0 103.1 100.3 99.0 82.9 90.0 99.7 109.8 96.0 109.2 106.1 111.3 68.4 97.3 107.5 98.5 76.4 92.8 93.1 101.7 99.7 105.5 101.1 114.3 66.0 100.0 109.0 98.2 82.5 96.5 98.2 104.5 101.5 104.3 102.5 115.1 64.2 105.1 110.3 97.7 85.0 91.5 97.4 110.4 107.1 104.6 109.5 117.6 66.4 104.7 106.4 100.5 84.0 87.8 99.4 106.8 103.6 107.4 106.5 107.3 72.2 106.3 101.6 105.6 90.5 96.5 103.8 122.4 101.1 120.4 115.2 114.6 79.5 110.4 115.4 115.1 92.9 107.8 108.4 120.9 110.6 123.6 120.9 125.3 82.1 110.9 124.1 114.9 90.3 109.1 110.0 119.8 111.0 123.1 112.6 125.0 75.2 111.8 119.6 107.2 88.6 107.0 108.8 105.9 74.1 87.6 98.0 111.0 69.7 106.4 111.5 109.2 93.9 100.4 111.2 130.1 124.9 126.3 132.9 135.7 91.9 132.8 133.1 139.9 119.1 128.7 143.0 168.3 147.6 172.1 160.8 155.7 109.4 155.0 149.5 148.1 117.7 132.8 142.8 163.4 127.5 148.1 142.6 137.5 93.7 132.8 138.6 132.0</data>
                </ts>
            </item>
            <item name="domainspec">
                <string>spec1</string>
            </item>
        </subset>
    </item>
    <item name="domainspecs">
        <subset>
            <item name="spec1">
                <subset>
                    <item name="algorithm">
                        <method version="0.1.0.0">
                            <name>tramoseats</name>
                            <family>Seasonal adjustment</family>
                        </method>
                    </item>
                    <item name="tramo">
                        <subset>
                            <item name="algorithm">
<method version="0.1.0.0">
    <name>tramo</name>
    <family>Modelling</family>
</method>
                            </item>
                            <item name="transform">
<subset>
    <item name="function">
        <string>Log</string>
    </item>
</subset>
                            </item>
                            <item name="arima">
<subset>
    <item name="phi">
        <params>
            <coef/>
        </params>
    </item>
    <item name="btheta">
        <params>
            <coef/>
        </params>
    </item>
</subset>
                            </item>
                            <item name="automdl">
<subset>
    <item name="enabled">
        <boolean>false</boolean>
    </item>
</subset>
                            </item>
                            <item name="regression">
<subset>
    <item name="calendar">
        <subset>
            <item name="td">
                <subset>
                    <item name="user">
                        <strings>
                            <items>r._ts_external_4@TDMNW00_0</items>
                        </strings>
                    </item>
                </subset>
            </item>
        </subset>
    </item>
    <item name="outliers">
        <strings>
            <items>AO.2000-12-01 LS.2008-11-01 LS.2009-01-01 AO.2017-12-01 AO.2020-03-01 AO.2020-04-01 AO.2020-05-01 TC.2020-06-01</items>
        </strings>
    </item>
</subset>
                            </item>
                        </subset>
                    </item>
                    <item name="benchmarking">
                        <subset/>
                    </item>
                </subset>
            </item>
        </subset>
    </item>
</informationSet>
