<?xml version="1.0" encoding="UTF-8" standalone="yes"?>
<informationSet xmlns="ec/tss.core">
    <item name="sa1">
        <subset>
            <item name="name">
                <string>FATEXP_21</string>
            </item>
            <item name="ts">
                <ts name="FATEXP_21">
                    <freq>12</freq>
                    <firstYear>2005</firstYear>
                    <firstPeriod>1</firstPeriod>
                    <data>23.6 22.2 26.8 25.4 24.1 24.2 22.6 35.5 26.9 25.6 29.3 28.9 25.0 26.3 26.6 27.2 23.0 27.3 24.1 35.0 27.6 28.4 29.1 29.7 25.2 27.6 30.1 28.7 28.6 28.2 24.4 42.0 30.9 31.3 31.3 28.8 26.4 29.6 28.9 26.4 26.9 25.6 25.6 38.3 29.6 27.0 27.7 28.9 23.9 27.3 24.8 26.3 24.7 24.2 21.0 32.9 27.6 29.1 29.6 31.8 33.0 34.5 38.3 34.1 35.5 33.7 31.9 43.8 36.6 33.8 34.5 36.6 33.6 35.5 38.9 35.2 37.4 35.8 33.3 44.7 41.4 39.5 41.7 40.9 36.4 39.4 37.9 38.2 39.4 39.9 37.4 48.7 42.4 47.1 44.6 42.1 37.9 43.3 42.0 43.7 42.9 39.5 39.5 46.5 43.6 45.6 44.1 44.0 37.8 41.8 43.0 41.5 42.6 41.1 41.5 48.6 47.1 44.3 45.3 47.9 44.8 49.6 48.7 49.0 48.0 47.5 46.8 56.0 50.7 50.3 48.9 51.9 46.8 48.3 50.1 50.1 50.4 48.4 48.9 58.9 50.9 52.7 54.5 54.0 50.0 51.2 51.9 53.0 52.5 51.3 49.7 59.9 52.9 51.8 55.3 55.2 51.9 51.8 53.0 54.9 54.6 53.0 53.1 59.1 50.4 50.1 52.8 53.5 47.8 50.0 53.6 51.6 53.9 52.9 51.9 59.1 55.3 55.6 55.8 59.4 53.4 55.8 54.2 59.0 62.0 61.2 54.2 63.3 57.5 56.9 55.8 60.1 57.8 59.7 56.6 57.2 58.5 57.9 55.6 60.6 59.3 59.2 61.2 62.7 52.3 59.0 58.2 59.2 60.1 58.5 55.7 62.2 62.0 60.4 60.5 64.0 53.4 60.9 61.6 58.4 60.8 61.4 55.7 61.6 60.6 58.6 58.1</data>
                </ts>
            </item>
            <item name="domainspec">
                <string>spec1</string>
            </item>
        </subset>
    </item>
    <item name="domainspecs">
        <subset>
            <item name="spec1">
                <subset>
                    <item name="algorithm">
                        <method version="0.1.0.0">
                            <name>tramoseats</name>
                            <family>Seasonal adjustment</family>
                        </method>
                    </item>
                    <item name="tramo">
                        <subset>
                            <item name="algorithm">
<method version="0.1.0.0">
    <name>tramo</name>
    <family>Modelling</family>
</method>
                            </item>
                            <item name="transform">
<subset>
    <item name="function">
        <string>Log</string>
    </item>
</subset>
                            </item>
                            <item name="arima">
<subset>
    <item name="theta">
        <params>
            <coef/>
        </params>
    </item>
    <item name="btheta">
        <params>
            <coef/>
        </params>
    </item>
</subset>
                            </item>
                            <item name="automdl">
<subset>
    <item name="enabled">
        <boolean>false</boolean>
    </item>
</subset>
                            </item>
                            <item name="regression">
<subset>
    <item name="outliers">
        <strings>
            <items>LS.2010-01-01</items>
        </strings>
    </item>
</subset>
                            </item>
                        </subset>
                    </item>
                    <item name="benchmarking">
                        <subset/>
                    </item>
                </subset>
            </item>
        </subset>
    </item>
</informationSet>
