<?xml version="1.0" encoding="UTF-8" standalone="yes"?>
<informationSet xmlns="ec/tss.core">
    <item name="sa1">
        <subset>
            <item name="name">
                <string>FATEXP_27</string>
            </item>
            <item name="ts">
                <ts name="FATEXP_27">
                    <freq>12</freq>
                    <firstYear>2005</firstYear>
                    <firstPeriod>1</firstPeriod>
                    <data>51.9 53.5 52.0 52.4 52.2 51.8 52.3 64.2 54.1 54.0 53.0 52.6 52.4 52.5 53.5 51.2 51.2 51.3 50.9 63.1 54.3 54.1 54.7 55.0 51.3 53.6 53.7 53.6 52.5 53.1 53.6 62.8 55.4 54.5 54.5 55.9 53.9 53.0 53.5 55.2 52.5 52.9 53.7 64.0 56.1 54.9 53.2 49.1 53.3 53.1 54.0 52.0 50.6 49.7 52.3 61.4 54.6 53.9 51.5 48.8 50.1 51.7 51.1 50.7 49.9 49.7 50.3 54.8 50.0 51.5 48.3 49.4 49.2 51.7 52.0 50.6 51.9 49.9 51.2 56.9 52.5 53.4 51.4 52.3 54.4 54.7 57.1 54.6 53.9 52.6 54.8 59.8 55.8 55.2 54.7 53.2 56.5 57.0 57.9 59.1 57.4 57.1 57.7 65.8 57.9 58.7 56.5 54.4 58.2 58.8 60.0 59.8 59.6 58.0 59.6 68.0 60.1 60.1 60.0 57.6 60.5 60.7 59.7 60.0 58.4 58.1 59.0 67.1 59.3 57.8 57.9 55.5 59.0 59.5 58.4 60.0 58.4 57.4 57.4 66.3 58.4 57.3 57.8 56.3 58.7 59.8 59.3 60.0 60.6 56.9 58.3 66.6 59.3 58.3 58.6 55.6 59.4 58.4 58.4 59.3 57.6 56.5 57.7 64.9 56.5 56.5 56.7 56.3 58.5 59.0 59.9 59.6 58.5 58.0 59.3 65.7 58.4 58.3 57.7 55.5 59.2 58.9 63.0 65.6 61.8 58.3 58.5 63.5 59.1 57.7 57.5 57.2 58.5 59.3 57.8 60.0 58.2 57.0 58.4 65.9 58.7 58.3 58.5 57.9 58.4 58.6 57.6 59.0 58.3 57.3 57.1 63.5 58.7 56.6 56.3 56.0 55.1 55.0 55.6 55.9 55.6 54.3 56.4 61.9 56.8 58.1 56.4</data>
                </ts>
            </item>
            <item name="domainspec">
                <string>spec1</string>
            </item>
        </subset>
    </item>
    <item name="domainspecs">
        <subset>
            <item name="spec1">
                <subset>
                    <item name="algorithm">
                        <method version="0.1.0.0">
                            <name>tramoseats</name>
                            <family>Seasonal adjustment</family>
                        </method>
                    </item>
                    <item name="tramo">
                        <subset>
                            <item name="algorithm">
<method version="0.1.0.0">
    <name>tramo</name>
    <family>Modelling</family>
</method>
                            </item>
                            <item name="transform">
<subset>
    <item name="function">
        <string>Log</string>
    </item>
</subset>
                            </item>
                            <item name="arima">
<subset>
    <item name="theta">
        <params>
            <coef/>
        </params>
    </item>
    <item name="btheta">
        <params>
            <coef/>
        </params>
    </item>
</subset>
                            </item>
                            <item name="automdl">
<subset>
    <item name="enabled">
        <boolean>false</boolean>
    </item>
</subset>
                            </item>
                            <item name="regression">
<subset>
    <item name="calendar">
        <subset>
            <item name="easter">
                <subset>
                    <item name="type">
                        <string>IncludeEasterMonday</string>
                    </item>
                </subset>
            </item>
        </subset>
    </item>
    <item name="outliers">
        <strings>
            <items>AO.2008-12-01 TC.2009-08-01 AO.2020-03-01 AO.2020-04-01</items>
        </strings>
    </item>
</subset>
                            </item>
                        </subset>
                    </item>
                    <item name="benchmarking">
                        <subset/>
                    </item>
                </subset>
            </item>
        </subset>
    </item>
</informationSet>
